{
    "loss": 0.018570706248283386,
    "accuracy": 0.9901960492134094
}